,techniek,mean,median,min,max
0,C-Support Vector Classifier (SVC),20.481589123408,12.983796453475952,6.125701093673706,61.80350828170776
1,K-Neighbors Classifier (KNN),0.0647789739329239,0.0476570844650268,0.0051584243774414,0.161596393585205
2,Logistic Regression (LOR),0.706398398677508,0.41822762489318843,0.0633888721466064,7.394172477722168
3,Random Forest Classifier (RFC),1.8420681871686662,1.6888275623321534,0.610477066040039,6.4151670932769775
