,techniek,mean,median,min,max
0,C-Support Vector Classifier (SVC),0.4603338213397957,0.4566613105760984,0.3717219216176959,0.5338414574828163
1,K-Neighbors Classifier (KNN),0.48074616923464814,0.49026878852834976,0.3798821660074985,0.5072232528130657
2,Logistic Regression (LOR),0.5338932008772509,0.5348114801483603,0.5283571338318188,0.5358479004460427
3,Random Forest Classifier (RFC),0.5226090567716314,0.5267519727521472,0.5010033444816053,0.5315006781772296
